Šé‹Æ–¼,ƒvƒŠƒ}ƒnƒ€,
ØŒ”º°ÄŞ,2281,
•\–¼Ì,˜AŒ‹‘İØ‘ÎÆ•\,



(•S–œ‰~),,
2008/03/31Œ»İ,,

i‘Y‚Ì•”j,,
—¬“®‘Y,,
Œ»‹à‹y‚Ñ—a‹à,,8188
óæèŒ`‹y‚Ñ”„Š|‹à,,25405
‚½‚È‰µ‘Y,,10903
ŒJ‰„Å‹à‘Y,,260
‚»‚Ì‘¼,,2857
‘İ“|ˆø“–‹à,,-34
—¬“®‘Y‡Œv,,47581
ŒÅ’è‘Y,,
—LŒ`ŒÅ’è‘Y,,
Œš•¨‹y‚Ñ\’z•¨,48953,
Œ¸‰¿‹p—İŒvŠz,-30016,18936
‹@ŠB‘•’u‹y‚Ñ‰^”À‹ï,35482,
Œ¸‰¿‹p—İŒvŠz,-29440,6041
“y’n,,19288
Œšİ‰¼Š¨’è,,1993
‚»‚Ì‘¼,3022,
Œ¸‰¿‹p—İŒvŠz,-2585,436
—LŒ`ŒÅ’è‘Y‡Œv,,46696
–³Œ`ŒÅ’è‘Y,,
ƒ\ƒtƒgƒEƒFƒA,,1162
‚»‚Ì‘¼,,131
–³Œ`ŒÅ’è‘Y‡Œv,,1294
“Š‘‚»‚Ì‘¼‚Ì‘Y,,
“Š‘—L‰¿ØŒ”,,4922
’·Šú‘İ•t‹à,,55
’·Šú‘O•¥”ï—p,,166
ŒJ‰„Å‹à‘Y,,409
‚»‚Ì‘¼,,1564
‘İ“|ˆø“–‹à,,-148
“Š‘‚»‚Ì‘¼‚Ì‘Y‡Œv,,6969
ŒÅ’è‘Y‡Œv,,54960
‘Y‡Œv,,102541
i•‰Â‚Ì•”j,,
—¬“®•‰Â,,
x•¥èŒ`‹y‚Ñ”ƒŠ|‹à,,27982
’ZŠúØ“ü‹à,,8251
ˆê”N“à•ÔÏ—\’è’·ŠúØ“ü‹à,,6084
ˆê”N“àŠÒ—\’èĞÂ,,125
–¢•¥–@lÅ“™,,728
ŒJ‰„Å‹à•‰Â,,41
Ü—^ˆø“–‹à,,1015
–ğˆõÜ—^ˆø“–‹à,,24
–¢•¥”ï—p,,4393
‚»‚Ì‘¼,,2548
—¬“®•‰Â‡Œv,,51193
ŒÅ’è•‰Â,,
ĞÂ,,375
’·ŠúØ“ü‹à,,14070
ŒJ‰„Å‹à•‰Â,,725
Ä•]‰¿‚ÉŒW‚éŒJ‰„Å‹à•‰Â,,3206
‘ŞE‹‹•tˆø“–‹à,,5664
–ğˆõ‘ŞEˆÔ˜Jˆø“–‹à,,114
‚»‚Ì‘¼,,1355
ŒÅ’è•‰Â‡Œv,,25512
•‰Â‡Œv,,76705
iƒ‘Y‚Ì•”j,,
Š”å‘–{,,
‘–{‹à,,3363
‘–{è—]‹à,,3964
—˜‰vè—]‹à,,11949
©ŒÈŠ”®,,-37
Š”å‘–{‡Œv,,19240
•]‰¿EŠ·Z·Šz“™,,
‚»‚Ì‘¼—L‰¿ØŒ”•]‰¿·Šz‹à,,1122
ŒJ‰„ƒwƒbƒW‘¹‰v,,-8
“y’nÄ•]‰¿·Šz‹à,,874
ˆ×‘ÖŠ·Z’²®Š¨’è,,262
•]‰¿EŠ·Z·Šz“™‡Œv,,2251
­”Š”å•ª,,4344
ƒ‘Y‡Œv,,25835
•‰ÂEƒ‘Y‡Œv,,102541
Šé‹Æ–¼,ƒvƒŠƒ}ƒnƒ€Š”®‰ïĞ,Prima Meat Packers,Ltd.
ØŒ”º°ÄŞ,2281
•\–¼Ì,˜AŒ‹‘İØ‘ÎÆ•\



(•S–œ‰~)
2009/03/31Œ»İ
˜AŒ‹‘İØ‘ÎÆ•\,Consolidated balance sheets,,
 ‘Y‚Ì•”, Assets,,
  —¬“®‘Y,  Current assets,,
   Œ»‹à‹y‚Ñ—a‹à,   Cash and deposits,5806,
   óæèŒ`‹y‚Ñ”„Š|‹à,   Notes and accounts receivable-trade,24442,
   —L‰¿ØŒ”,   Short-term investment securities,9,
   ¤•i‹y‚Ñ»•i,   Merchandise and finished goods,12092,
   dŠ|•i,   Work in process,553,
   Œ´Ş—¿‹y‚Ñ’™‘ •i,   Raw materials and supplies,993,
   ŒJ‰„Å‹à‘Y,   Deferred tax assets,210,
   ‚»‚Ì‘¼,   Other,2972,
   ‘İ“|ˆø“–‹à,   Allowance for doubtful accounts,-35,
   —¬“®‘Y‡Œv,   Total current assets,47045,
  ŒÅ’è‘Y,  Noncurrent assets,,
   —LŒ`ŒÅ’è‘Y,   Property. plant and equipment,,
    Œš•¨‹y‚Ñ\’z•¨,    Buildings and structures,48828,
     Œ¸‰¿‹p—İŒvŠz‹y‚ÑŒ¸‘¹‘¹¸—İŒvŠz,     Accumulated depreciation and impairment loss,-29778,
     Œš•¨‹y‚Ñ\’z•¨iƒŠzj,     Buildings and structures. net,19050,
    ‹@ŠB‘•’u‹y‚Ñ‰^”À‹ï,    Machinery. equipment and vehicles,34791,
     Œ¸‰¿‹p—İŒvŠz‹y‚ÑŒ¸‘¹‘¹¸—İŒvŠz,     Accumulated depreciation and impairment loss,-28688,
     ‹@ŠB‘•’u‹y‚Ñ‰^”À‹ïiƒŠzj,     Machinery. equipment and vehicles. net,6103,
    “y’n,    Land,18762,
    ƒŠ[ƒX‘Y,    Lease assets,325,
     Œ¸‰¿‹p—İŒvŠz,     Accumulated depreciation,-37,
     ƒŠ[ƒX‘YiƒŠzj,     Lease assets. net,287,
    Œšİ‰¼Š¨’è,    Construction in progress,45,
    ‚»‚Ì‘¼,    Other,2961,
     Œ¸‰¿‹p—İŒvŠz‹y‚ÑŒ¸‘¹‘¹¸—İŒvŠz,     Accumulated depreciation and impairment loss,-2540,
     ‚»‚Ì‘¼iƒŠzj,     Other. net,421,
    —LŒ`ŒÅ’è‘Y‡Œv,    Total property. plant and equipment,44670,
   –³Œ`ŒÅ’è‘Y,   Intangible assets,,
    ƒ\ƒtƒgƒEƒGƒA,    Software,838,
    ‚»‚Ì‘¼,    Other,126,
    –³Œ`ŒÅ’è‘Y‡Œv,    Total intangible assets,964,
   “Š‘‚»‚Ì‘¼‚Ì‘Y,   Investments and other assets,,
    “Š‘—L‰¿ØŒ”,    Investment securities,3883,
    ’·Šú‘İ•t‹à,    Long-term loans receivable,56,
    ’·Šú‘O•¥”ï—p,    Long-term prepaid expenses,223,
    ŒJ‰„Å‹à‘Y,    Deferred tax assets,543,
    ‚»‚Ì‘¼,    Other,1400,
    ‘İ“|ˆø“–‹à,    Allowance for doubtful accounts,-45,
    “Š‘‚»‚Ì‘¼‚Ì‘Y‡Œv,    Total investments and other assets,6063,
   ŒÅ’è‘Y‡Œv,   Total noncurrent assets,51698,
  ‘Y‡Œv,  Total assets,98743,
 •‰Â‚Ì•”, Liabilities,,
  —¬“®•‰Â,  Current liabilities,,
   x•¥èŒ`‹y‚Ñ”ƒŠ|‹à,   Notes and accounts payable-trade,24917,
   ’ZŠúØ“ü‹à,   Short-term loans payable,8520,
   1”N“à•ÔÏ—\’è‚Ì’·ŠúØ“ü‹à,   Current portion of long-term loans payable,5514,
   1”N“àŠÒ—\’è‚ÌĞÂ,   Current portion of bonds,125,
   ƒŠ[ƒXÂ–±,   Lease obligations,58,
   –¢•¥–@lÅ“™,   Income taxes payable,952,
   ŒJ‰„Å‹à•‰Â,   Deferred tax liabilities,57,
   Ü—^ˆø“–‹à,   Provision for bonuses,980,
   –ğˆõÜ—^ˆø“–‹à,   Provision for directors' bonuses,24,
   –¢•¥”ï—p,   Accrued expenses,4855,
   ‚»‚Ì‘¼,   Other,2054,
   —¬“®•‰Â‡Œv,   Total current liabilities,48059,
  ŒÅ’è•‰Â,  Noncurrent liabilities,,
   ĞÂ,   Bonds payable,250,
   ’·ŠúØ“ü‹à,   Long-term loans payable,13249,
   ƒŠ[ƒXÂ–±,   Lease obligations,230,
   ŒJ‰„Å‹à•‰Â,   Deferred tax liabilities,319,
   Ä•]‰¿‚ÉŒW‚éŒJ‰„Å‹à•‰Â,   Deferred tax liabilities for land revaluation,3206,
   ‘ŞE‹‹•tˆø“–‹à,   Provision for retirement benefits,6326,
   –ğˆõ‘ŞEˆÔ˜Jˆø“–‹à,   Provision for directors' retirement benefits,97,
   ‚»‚Ì‘¼,   Other,1153,
   ŒÅ’è•‰Â‡Œv,   Total noncurrent liabilities,24834,
  •‰Â‡Œv,  Total liabilities,72893,
 ƒ‘Y‚Ì•”, Net assets,,
  Š”å‘–{,  Shareholders' equity,,
   ‘–{‹à,   Capital stock,3363,
   ‘–{è—]‹à,   Capital surplus,3964,
   —˜‰vè—]‹à,   Retained earnings,13276,
   ©ŒÈŠ”®,   Treasury stock,-44,
   Š”å‘–{‡Œv,   Total shareholders' equity,20560,
  •]‰¿EŠ·Z·Šz“™,  Valuation and translation adjustments,,
   ‚»‚Ì‘¼—L‰¿ØŒ”•]‰¿·Šz‹à,   Valuation difference on available-for-sale securities,427,
   ŒJ‰„ƒwƒbƒW‘¹‰v,   Deferred gains or losses on hedges,-6,
   “y’nÄ•]‰¿·Šz‹à,   Revaluation reserve for land,874,
   ˆ×‘ÖŠ·Z’²®Š¨’è,   Foreign currency translation adjustment,-212,
   •]‰¿EŠ·Z·Šz“™‡Œv,   Total valuation and translation adjustments,1083,
  ­”Š”å•ª,  Minority interests,4206,
  ƒ‘Y‡Œv,  Total net assets,25849,
 •‰Âƒ‘Y‡Œv, Total liabilities and net assets,98743,
Šé‹Æ–¼,ƒvƒŠƒ}ƒnƒ€Š”®‰ïĞ,Prima Meat Packers,Ltd.
ØŒ”º°ÄŞ,2281
•\–¼Ì,˜AŒ‹‘İØ‘ÎÆ•\



(•S–œ‰~)
2010/03/31Œ»İ
˜AŒ‹‘İØ‘ÎÆ•\,Consolidated balance sheets,,
 ‘Y‚Ì•”, Assets,,
  —¬“®‘Y,  Current assets,,
   Œ»‹à‹y‚Ñ—a‹à,   Cash and deposits,10853,
   óæèŒ`‹y‚Ñ”„Š|‹à,   Notes and accounts receivable-trade,22098,
   —L‰¿ØŒ”,   Short-term investment securities,6,
   ¤•i‹y‚Ñ»•i,   Merchandise and finished goods,9506,
   dŠ|•i,   Work in process,458,
   Œ´Ş—¿‹y‚Ñ’™‘ •i,   Raw materials and supplies,933,
   ŒJ‰„Å‹à‘Y,   Deferred tax assets,238,
   ‚»‚Ì‘¼,   Other,3498,
   ‘İ“|ˆø“–‹à,   Allowance for doubtful accounts,-31,
   —¬“®‘Y‡Œv,   Total current assets,47561,
  ŒÅ’è‘Y,  Noncurrent assets,,
   —LŒ`ŒÅ’è‘Y,   Property. plant and equipment,,
    Œš•¨‹y‚Ñ\’z•¨,    Buildings and structures,48866,
     Œ¸‰¿‹p—İŒvŠz,     Accumulated depreciation,-30865,
     Œš•¨‹y‚Ñ\’z•¨iƒŠzj,     Buildings and structures. net,18001,
    ‹@ŠB‘•’u‹y‚Ñ‰^”À‹ï,    Machinery. equipment and vehicles,33282,
     Œ¸‰¿‹p—İŒvŠz,     Accumulated depreciation,-27175,
     ‹@ŠB‘•’u‹y‚Ñ‰^”À‹ïiƒŠzj,     Machinery. equipment and vehicles. net,6106,
    “y’n,    Land,19200,
    ƒŠ[ƒX‘Y,    Lease assets,519,
     Œ¸‰¿‹p—İŒvŠz,     Accumulated depreciation,-124,
     ƒŠ[ƒX‘YiƒŠzj,     Lease assets. net,395,
    Œšİ‰¼Š¨’è,    Construction in progress,127,
    ‚»‚Ì‘¼,    Other,2808,
     Œ¸‰¿‹p—İŒvŠz,     Accumulated depreciation,-2479,
     ‚»‚Ì‘¼iƒŠzj,     Other. net,329,
    —LŒ`ŒÅ’è‘Y‡Œv,    Total property. plant and equipment,44160,
   –³Œ`ŒÅ’è‘Y,   Intangible assets,,
    ƒ\ƒtƒgƒEƒGƒA,    Software,664,
    ‚»‚Ì‘¼,    Other,119,
    –³Œ`ŒÅ’è‘Y‡Œv,    Total intangible assets,783,
   “Š‘‚»‚Ì‘¼‚Ì‘Y,   Investments and other assets,,
    “Š‘—L‰¿ØŒ”,    Investment securities,4214,
    ’·Šú‘İ•t‹à,    Long-term loans receivable,261,
    ’·Šú‘O•¥”ï—p,    Long-term prepaid expenses,346,
    ŒJ‰„Å‹à‘Y,    Deferred tax assets,539,
    ‚»‚Ì‘¼,    Other,1290,
    ‘İ“|ˆø“–‹à,    Allowance for doubtful accounts,-29,
    “Š‘‚»‚Ì‘¼‚Ì‘Y‡Œv,    Total investments and other assets,6623,
   ŒÅ’è‘Y‡Œv,   Total noncurrent assets,51567,
  ‘Y‡Œv,  Total assets,99129,
 •‰Â‚Ì•”, Liabilities,,
  —¬“®•‰Â,  Current liabilities,,
   x•¥èŒ`‹y‚Ñ”ƒŠ|‹à,   Notes and accounts payable-trade,22147,
   ’ZŠúØ“ü‹à,   Short-term loans payable,8530,
   1”N“à•ÔÏ—\’è‚Ì’·ŠúØ“ü‹à,   Current portion of long-term loans payable,5786,
   1”N“àŠÒ—\’è‚ÌĞÂ,   Current portion of bonds,209,
   ƒŠ[ƒXÂ–±,   Lease obligations,93,
   –¢•¥–@lÅ“™,   Income taxes payable,1317,
   ŒJ‰„Å‹à•‰Â,   Deferred tax liabilities,44,
   Ü—^ˆø“–‹à,   Provision for bonuses,990,
   –ğˆõÜ—^ˆø“–‹à,   Provision for directors' bonuses,30,
   –¢•¥”ï—p,   Accrued expenses,4803,
   ‚»‚Ì‘¼,   Other,2700,
   —¬“®•‰Â‡Œv,   Total current liabilities,46654,
  ŒÅ’è•‰Â,  Noncurrent liabilities,,
   ĞÂ,   Bonds payable,419,
   ’·ŠúØ“ü‹à,   Long-term loans payable,12475,
   ƒŠ[ƒXÂ–±,   Lease obligations,308,
   ŒJ‰„Å‹à•‰Â,   Deferred tax liabilities,343,
   Ä•]‰¿‚ÉŒW‚éŒJ‰„Å‹à•‰Â,   Deferred tax liabilities for land revaluation,3206,
   ‘ŞE‹‹•tˆø“–‹à,   Provision for retirement benefits,5739,
   –ğˆõ‘ŞEˆÔ˜Jˆø“–‹à,   Provision for directors' retirement benefits,120,
   ‚»‚Ì‘¼,   Other,910,
   ŒÅ’è•‰Â‡Œv,   Total noncurrent liabilities,23523,
  •‰Â‡Œv,  Total liabilities,70177,
 ƒ‘Y‚Ì•”, Net assets,,
  Š”å‘–{,  Shareholders' equity,,
   ‘–{‹à,   Capital stock,3363,
   ‘–{è—]‹à,   Capital surplus,3964,
   —˜‰vè—]‹à,   Retained earnings,15658,
   ©ŒÈŠ”®,   Treasury stock,-56,
   Š”å‘–{‡Œv,   Total shareholders' equity,22930,
  •]‰¿EŠ·Z·Šz“™,  Valuation and translation adjustments,,
   ‚»‚Ì‘¼—L‰¿ØŒ”•]‰¿·Šz‹à,   Valuation difference on available-for-sale securities,638,
   ŒJ‰„ƒwƒbƒW‘¹‰v,   Deferred gains or losses on hedges,-5,
   “y’nÄ•]‰¿·Šz‹à,   Revaluation reserve for land,874,
   ˆ×‘ÖŠ·Z’²®Š¨’è,   Foreign currency translation adjustment,-214,
   •]‰¿EŠ·Z·Šz“™‡Œv,   Total valuation and translation adjustments,1293,
  ­”Š”å•ª,  Minority interests,4727,
  ƒ‘Y‡Œv,  Total net assets,28951,
 •‰Âƒ‘Y‡Œv, Total liabilities and net assets,99129,
Šé‹Æ–¼,ƒvƒŠƒ}ƒnƒ€Š”®‰ïĞ,Prima Meat Packers,Ltd.
ØŒ”º°ÄŞ,2281
•\–¼Ì,˜AŒ‹‘İØ‘ÎÆ•\



(•S–œ‰~)
2011/03/31Œ»İ
˜AŒ‹‘İØ‘ÎÆ•\,Consolidated balance sheets,,
 ‘Y‚Ì•”, Assets,,
  —¬“®‘Y,  Current assets,,
   Œ»‹à‹y‚Ñ—a‹à,   Cash and deposits,11354,
   óæèŒ`‹y‚Ñ”„Š|‹à,   Notes and accounts receivable-trade,22775,
   ¤•i‹y‚Ñ»•i,   Merchandise and finished goods,8206,
   dŠ|•i,   Work in process,336,
   Œ´Ş—¿‹y‚Ñ’™‘ •i,   Raw materials and supplies,898,
   ŒJ‰„Å‹à‘Y,   Deferred tax assets,250,
   ‚»‚Ì‘¼,   Other,3284,
   ‘İ“|ˆø“–‹à,   Allowance for doubtful accounts,-42,
   —¬“®‘Y‡Œv,   Total current assets,47065,
  ŒÅ’è‘Y,  Noncurrent assets,,
   —LŒ`ŒÅ’è‘Y,   Property. plant and equipment,,
    Œš•¨‹y‚Ñ\’z•¨,    Buildings and structures,48863,
     Œ¸‰¿‹p—İŒvŠz,     Accumulated depreciation,-31831,
     Œš•¨‹y‚Ñ\’z•¨iƒŠzj,     Buildings and structures. net,17031,
    ‹@ŠB‘•’u‹y‚Ñ‰^”À‹ï,    Machinery. equipment and vehicles,32624,
     Œ¸‰¿‹p—İŒvŠz,     Accumulated depreciation,-26545,
     ‹@ŠB‘•’u‹y‚Ñ‰^”À‹ïiƒŠzj,     Machinery. equipment and vehicles. net,6079,
    “y’n,    Land,18639,
    ƒŠ[ƒX‘Y,    Lease assets,918,
     Œ¸‰¿‹p—İŒvŠz,     Accumulated depreciation,-273,
     ƒŠ[ƒX‘YiƒŠzj,     Lease assets. net,644,
    Œšİ‰¼Š¨’è,    Construction in progress,1005,
    ‚»‚Ì‘¼,    Other,2582,
     Œ¸‰¿‹p—İŒvŠz,     Accumulated depreciation,-2314,
     ‚»‚Ì‘¼iƒŠzj,     Other. net,268,
    —LŒ`ŒÅ’è‘Y‡Œv,    Total property. plant and equipment,43670,
   –³Œ`ŒÅ’è‘Y,   Intangible assets,,
    ƒ\ƒtƒgƒEƒGƒA,    Software,549,
    ‚»‚Ì‘¼,    Other,18,
    –³Œ`ŒÅ’è‘Y‡Œv,    Total intangible assets,567,
   “Š‘‚»‚Ì‘¼‚Ì‘Y,   Investments and other assets,,
    “Š‘—L‰¿ØŒ”,    Investment securities,4082,
    ’·Šú‘İ•t‹à,    Long-term loans receivable,261,
    ’·Šú‘O•¥”ï—p,    Long-term prepaid expenses,346,
    ŒJ‰„Å‹à‘Y,    Deferred tax assets,532,
    ‚»‚Ì‘¼,    Other,1268,
    ‘İ“|ˆø“–‹à,    Allowance for doubtful accounts,-110,
    “Š‘‚»‚Ì‘¼‚Ì‘Y‡Œv,    Total investments and other assets,6380,
   ŒÅ’è‘Y‡Œv,   Total noncurrent assets,50617,
  ‘Y‡Œv,  Total assets,97682,
 •‰Â‚Ì•”, Liabilities,,
  —¬“®•‰Â,  Current liabilities,,
   x•¥èŒ`‹y‚Ñ”ƒŠ|‹à,   Notes and accounts payable-trade,24344,
   ’ZŠúØ“ü‹à,   Short-term loans payable,6455,
   1”N“à•ÔÏ—\’è‚Ì’·ŠúØ“ü‹à,   Current portion of long-term loans payable,3472,
   1”N“àŠÒ—\’è‚ÌĞÂ,   Current portion of bonds,209,
   ƒŠ[ƒXÂ–±,   Lease obligations,164,
   –¢•¥–@lÅ“™,   Income taxes payable,760,
   ŒJ‰„Å‹à•‰Â,   Deferred tax liabilities,2,
   Ü—^ˆø“–‹à,   Provision for bonuses,991,
   –ğˆõÜ—^ˆø“–‹à,   Provision for directors' bonuses,30,
   –¢•¥”ï—p,   Accrued expenses,4840,
   ‘Yœ‹Â–±,   Asset retirement obligations,18,
   ‚»‚Ì‘¼,   Other,2475,
   —¬“®•‰Â‡Œv,   Total current liabilities,43765,
  ŒÅ’è•‰Â,  Noncurrent liabilities,,
   ĞÂ,   Bonds payable,210,
   ’·ŠúØ“ü‹à,   Long-term loans payable,12061,
   ƒŠ[ƒXÂ–±,   Lease obligations,498,
   ŒJ‰„Å‹à•‰Â,   Deferred tax liabilities,351,
   Ä•]‰¿‚ÉŒW‚éŒJ‰„Å‹à•‰Â,   Deferred tax liabilities for land revaluation,3170,
   ‘ŞE‹‹•tˆø“–‹à,   Provision for retirement benefits,4806,
   –ğˆõ‘ŞEˆÔ˜Jˆø“–‹à,   Provision for directors' retirement benefits,132,
   ‘Yœ‹Â–±,   Asset retirement obligations,84,
   ‚»‚Ì‘¼,   Other,642,
   ŒÅ’è•‰Â‡Œv,   Total noncurrent liabilities,21957,
  •‰Â‡Œv,  Total liabilities,65722,
 ƒ‘Y‚Ì•”, Net assets,,
  Š”å‘–{,  Shareholders' equity,,
   ‘–{‹à,   Capital stock,3363,
   ‘–{è—]‹à,   Capital surplus,3964,
   —˜‰vè—]‹à,   Retained earnings,17111,
   ©ŒÈŠ”®,   Treasury stock,-61,
   Š”å‘–{‡Œv,   Total shareholders' equity,24377,
  ‚»‚Ì‘¼‚Ì•ïŠ‡—˜‰v—İŒvŠz,  Accumulated other comprehensive income,,
   ‚»‚Ì‘¼—L‰¿ØŒ”•]‰¿·Šz‹à,   Valuation difference on available-for-sale securities,443,
   ŒJ‰„ƒwƒbƒW‘¹‰v,   Deferred gains or losses on hedges,-3,
   “y’nÄ•]‰¿·Šz‹à,   Revaluation reserve for land,2169,
   ˆ×‘ÖŠ·Z’²®Š¨’è,   Foreign currency translation adjustment,-295,
   ‚»‚Ì‘¼‚Ì•ïŠ‡—˜‰v—İŒvŠz‡Œv,   Total accumulated other comprehensive income,2314,
  ­”Š”å•ª,  Minority interests,5268,
  ƒ‘Y‡Œv,  Total net assets,31960,
 •‰Âƒ‘Y‡Œv, Total liabilities and net assets,97682,
Šé‹Æ–¼,ƒvƒŠƒ}ƒnƒ€Š”®‰ïĞ,Prima Meat Packers,Ltd.
ØŒ”º°ÄŞ,2281
•\–¼Ì,˜AŒ‹‘İØ‘ÎÆ•\



(•S–œ‰~)
2012/03/31Œ»İ
˜AŒ‹‘İØ‘ÎÆ•\,Consolidated balance sheets,,
 ‘Y‚Ì•”, Assets,,
  —¬“®‘Y,  Current assets,,
   Œ»‹à‹y‚Ñ—a‹à,   Cash and deposits,11078,
   óæèŒ`‹y‚Ñ”„Š|‹à,   Notes and accounts receivable-trade,27870,
   ¤•i‹y‚Ñ»•i,   Merchandise and finished goods,9408,
   dŠ|•i,   Work in process,312,
   Œ´Ş—¿‹y‚Ñ’™‘ •i,   Raw materials and supplies,1077,
   ŒJ‰„Å‹à‘Y,   Deferred tax assets,185,
   ‚»‚Ì‘¼,   Other,2779,
   ‘İ“|ˆø“–‹à,   Allowance for doubtful accounts,-18,
   —¬“®‘Y‡Œv,   Total current assets,52693,
  ŒÅ’è‘Y,  Noncurrent assets,,
   —LŒ`ŒÅ’è‘Y,   Property. plant and equipment,,
    Œš•¨‹y‚Ñ\’z•¨,    Buildings and structures,49696,
     Œ¸‰¿‹p—İŒvŠz,     Accumulated depreciation,-31438,
     Œš•¨‹y‚Ñ\’z•¨iƒŠzj,     Buildings and structures. net,18258,
    ‹@ŠB‘•’u‹y‚Ñ‰^”À‹ï,    Machinery. equipment and vehicles,34436,
     Œ¸‰¿‹p—İŒvŠz,     Accumulated depreciation,-27113,
     ‹@ŠB‘•’u‹y‚Ñ‰^”À‹ïiƒŠzj,     Machinery. equipment and vehicles. net,7322,
    “y’n,    Land,18526,
    ƒŠ[ƒX‘Y,    Lease assets,1336,
     Œ¸‰¿‹p—İŒvŠz,     Accumulated depreciation,-468,
     ƒŠ[ƒX‘YiƒŠzj,     Lease assets. net,868,
    Œšİ‰¼Š¨’è,    Construction in progress,637,
    ‚»‚Ì‘¼,    Other,2649,
     Œ¸‰¿‹p—İŒvŠz,     Accumulated depreciation,-2320,
     ‚»‚Ì‘¼iƒŠzj,     Other. net,329,
    —LŒ`ŒÅ’è‘Y‡Œv,    Total property. plant and equipment,45943,
   –³Œ`ŒÅ’è‘Y,   Intangible assets,,
    ƒ\ƒtƒgƒEƒGƒA,    Software,649,
    ‚»‚Ì‘¼,    Other,19,
    –³Œ`ŒÅ’è‘Y‡Œv,    Total intangible assets,668,
   “Š‘‚»‚Ì‘¼‚Ì‘Y,   Investments and other assets,,
    “Š‘—L‰¿ØŒ”,    Investment securities,3933,
    ’·Šú‘İ•t‹à,    Long-term loans receivable,607,
    ’·Šú‘O•¥”ï—p,    Long-term prepaid expenses,290,
    ŒJ‰„Å‹à‘Y,    Deferred tax assets,549,
    ‚»‚Ì‘¼,    Other,2018,
    ‘İ“|ˆø“–‹à,    Allowance for doubtful accounts,-229,
    “Š‘‚»‚Ì‘¼‚Ì‘Y‡Œv,    Total investments and other assets,7169,
   ŒÅ’è‘Y‡Œv,   Total noncurrent assets,53781,
  ‘Y‡Œv,  Total assets,106475,
 •‰Â‚Ì•”, Liabilities,,
  —¬“®•‰Â,  Current liabilities,,
   x•¥èŒ`‹y‚Ñ”ƒŠ|‹à,   Notes and accounts payable-trade,29152,
   ’ZŠúØ“ü‹à,   Short-term loans payable,4575,
   1”N“à•ÔÏ—\’è‚Ì’·ŠúØ“ü‹à,   Current portion of long-term loans payable,3233,
   1”N“àŠÒ—\’è‚ÌĞÂ,   Current portion of bonds,84,
   ƒŠ[ƒXÂ–±,   Lease obligations,234,
   –¢•¥–@lÅ“™,   Income taxes payable,981,
   Ü—^ˆø“–‹à,   Provision for bonuses,1108,
   –ğˆõÜ—^ˆø“–‹à,   Provision for directors' bonuses,30,
   –¢•¥”ï—p,   Accrued expenses,6222,
   ‘Yœ‹Â–±,   Asset retirement obligations,,
   ‚»‚Ì‘¼,   Other,3408,
   —¬“®•‰Â‡Œv,   Total current liabilities,49031,
  ŒÅ’è•‰Â,  Noncurrent liabilities,,
   ĞÂ,   Bonds payable,104,
   ’·ŠúØ“ü‹à,   Long-term loans payable,12071,
   ƒŠ[ƒXÂ–±,   Lease obligations,652,
   ŒJ‰„Å‹à•‰Â,   Deferred tax liabilities,642,
   Ä•]‰¿‚ÉŒW‚éŒJ‰„Å‹à•‰Â,   Deferred tax liabilities for land revaluation,2777,
   ‘ŞE‹‹•tˆø“–‹à,   Provision for retirement benefits,3871,
   –ğˆõ‘ŞEˆÔ˜Jˆø“–‹à,   Provision for directors' retirement benefits,,
   ‘Yœ‹Â–±,   Asset retirement obligations,85,
   ‚»‚Ì‘¼,   Other,632,
   ŒÅ’è•‰Â‡Œv,   Total noncurrent liabilities,20836,
  •‰Â‡Œv,  Total liabilities,69867,
 ƒ‘Y‚Ì•”, Net assets,,
  Š”å‘–{,  Shareholders' equity,,
   ‘–{‹à,   Capital stock,3363,
   ‘–{è—]‹à,   Capital surplus,3964,
   —˜‰vè—]‹à,   Retained earnings,20990,
   ©ŒÈŠ”®,   Treasury stock,-62,
   Š”å‘–{‡Œv,   Total shareholders' equity,28255,
  ‚»‚Ì‘¼‚Ì•ïŠ‡—˜‰v—İŒvŠz,  Accumulated other comprehensive income,,
   ‚»‚Ì‘¼—L‰¿ØŒ”•]‰¿·Šz‹à,   Valuation difference on available-for-sale securities,618,
   ŒJ‰„ƒwƒbƒW‘¹‰v,   Deferred gains or losses on hedges,-5,
   “y’nÄ•]‰¿·Šz‹à,   Revaluation reserve for land,2563,
   ˆ×‘ÖŠ·Z’²®Š¨’è,   Foreign currency translation adjustment,-284,
   ‚»‚Ì‘¼‚Ì•ïŠ‡—˜‰v—İŒvŠz‡Œv,   Total accumulated other comprehensive income,2890,
  ­”Š”å•ª,  Minority interests,5461,
  ƒ‘Y‡Œv,  Total net assets,36607,
 •‰Âƒ‘Y‡Œv, Total liabilities and net assets,106475,
Šé‹Æ–¼,ƒvƒŠƒ}ƒnƒ€Š”®‰ïĞ,Prima Meat Packers,Ltd.
ØŒ”º°ÄŞ,2281
•\–¼Ì,˜AŒ‹‘İØ‘ÎÆ•\



(•S–œ‰~)
2013/03/31Œ»İ
˜AŒ‹‘İØ‘ÎÆ•\,Consolidated balance sheets,,
 ‘Y‚Ì•”, Assets,,
  —¬“®‘Y,  Current assets,,
   Œ»‹à‹y‚Ñ—a‹à,   Cash and deposits,8886,
   óæèŒ`‹y‚Ñ”„Š|‹à,   Notes and accounts receivable-trade,29705,
   ¤•i‹y‚Ñ»•i,   Merchandise and finished goods,9790,
   dŠ|•i,   Work in process,330,
   Œ´Ş—¿‹y‚Ñ’™‘ •i,   Raw materials and supplies,1214,
   ŒJ‰„Å‹à‘Y,   Deferred tax assets,611,
   ‚»‚Ì‘¼,   Other,2827,
   ‘İ“|ˆø“–‹à,   Allowance for doubtful accounts,-16,
   —¬“®‘Y‡Œv,   Total current assets,53352,
  ŒÅ’è‘Y,  Noncurrent assets,,
   —LŒ`ŒÅ’è‘Y,   Property. plant and equipment,,
    Œš•¨‹y‚Ñ\’z•¨,    Buildings and structures,50643,
     Œ¸‰¿‹p—İŒvŠz,     Accumulated depreciation,-32158,
     Œš•¨‹y‚Ñ\’z•¨iƒŠzj,     Buildings and structures. net,18484,
    ‹@ŠB‘•’u‹y‚Ñ‰^”À‹ï,    Machinery. equipment and vehicles,35390,
     Œ¸‰¿‹p—İŒvŠz,     Accumulated depreciation,-27480,
     ‹@ŠB‘•’u‹y‚Ñ‰^”À‹ïiƒŠzj,     Machinery. equipment and vehicles. net,7909,
    “y’n,    Land,18562,
    ƒŠ[ƒX‘Y,    Lease assets,1912,
     Œ¸‰¿‹p—İŒvŠz,     Accumulated depreciation,-729,
     ƒŠ[ƒX‘YiƒŠzj,     Lease assets. net,1183,
    Œšİ‰¼Š¨’è,    Construction in progress,108,
    ‚»‚Ì‘¼,    Other,2748,
     Œ¸‰¿‹p—İŒvŠz,     Accumulated depreciation,-2322,
     ‚»‚Ì‘¼iƒŠzj,     Other. net,426,
    —LŒ`ŒÅ’è‘Y‡Œv,    Total property. plant and equipment,46675,
   –³Œ`ŒÅ’è‘Y,   Intangible assets,,
    ƒ\ƒtƒgƒEƒGƒA,    Software,812,
    ‚»‚Ì‘¼,    Other,16,
    –³Œ`ŒÅ’è‘Y‡Œv,    Total intangible assets,828,
   “Š‘‚»‚Ì‘¼‚Ì‘Y,   Investments and other assets,,
    “Š‘—L‰¿ØŒ”,    Investment securities,5007,
    ’·Šú‘İ•t‹à,    Long-term loans receivable,757,
    ’·Šú‘O•¥”ï—p,    Long-term prepaid expenses,270,
    ŒJ‰„Å‹à‘Y,    Deferred tax assets,472,
    ‚»‚Ì‘¼,    Other,3655,
    ‘İ“|ˆø“–‹à,    Allowance for doubtful accounts,-381,
    “Š‘‚»‚Ì‘¼‚Ì‘Y‡Œv,    Total investments and other assets,9781,
   ŒÅ’è‘Y‡Œv,   Total noncurrent assets,57285,
  ‘Y‡Œv,  Total assets,110637,
 •‰Â‚Ì•”, Liabilities,,
  —¬“®•‰Â,  Current liabilities,,
   x•¥èŒ`‹y‚Ñ”ƒŠ|‹à,   Notes and accounts payable-trade,30812,
   ’ZŠúØ“ü‹à,   Short-term loans payable,1304,
   1”N“à•ÔÏ—\’è‚Ì’·ŠúØ“ü‹à,   Current portion of long-term loans payable,4440,
   1”N“àŠÒ—\’è‚ÌĞÂ,   Current portion of bonds,84,
   ƒŠ[ƒXÂ–±,   Lease obligations,328,
   –¢•¥–@lÅ“™,   Income taxes payable,2116,
   Ü—^ˆø“–‹à,   Provision for bonuses,1134,
   –ğˆõÜ—^ˆø“–‹à,   Provision for directors' bonuses,30,
   –¢•¥”ï—p,   Accrued expenses,6236,
   ‚»‚Ì‘¼,   Other,3190,
   —¬“®•‰Â‡Œv,   Total current liabilities,49677,
  ŒÅ’è•‰Â,  Noncurrent liabilities,,
   ĞÂ,   Bonds payable,20,
   ’·ŠúØ“ü‹à,   Long-term loans payable,9249,
   ƒŠ[ƒXÂ–±,   Lease obligations,878,
   ŒJ‰„Å‹à•‰Â,   Deferred tax liabilities,1228,
   Ä•]‰¿‚ÉŒW‚éŒJ‰„Å‹à•‰Â,   Deferred tax liabilities for land revaluation,2685,
   ‘ŞE‹‹•tˆø“–‹à,   Provision for retirement benefits,4035,
   ‘Yœ‹Â–±,   Asset retirement obligations,110,
   ‚»‚Ì‘¼,   Other,501,
   ŒÅ’è•‰Â‡Œv,   Total noncurrent liabilities,18708,
  •‰Â‡Œv,  Total liabilities,68386,
 ƒ‘Y‚Ì•”, Net assets,,
  Š”å‘–{,  Shareholders' equity,,
   ‘–{‹à,   Capital stock,3363,
   ‘–{è—]‹à,   Capital surplus,3964,
   —˜‰vè—]‹à,   Retained earnings,25068,
   ©ŒÈŠ”®,   Treasury stock,-66,
   Š”å‘–{‡Œv,   Total shareholders' equity,32330,
  ‚»‚Ì‘¼‚Ì•ïŠ‡—˜‰v—İŒvŠz,  Accumulated other comprehensive income,,
   ‚»‚Ì‘¼—L‰¿ØŒ”•]‰¿·Šz‹à,   Valuation difference on available-for-sale securities,1072,
   ŒJ‰„ƒwƒbƒW‘¹‰v,   Deferred gains or losses on hedges,-8,
   “y’nÄ•]‰¿·Šz‹à,   Revaluation reserve for land,2396,
   ˆ×‘ÖŠ·Z’²®Š¨’è,   Foreign currency translation adjustment,-55,
   ‚»‚Ì‘¼‚Ì•ïŠ‡—˜‰v—İŒvŠz‡Œv,   Total accumulated other comprehensive income,3405,
  ­”Š”å•ª,  Minority interests,6515,
  ƒ‘Y‡Œv,  Total net assets,42251,
 •‰Âƒ‘Y‡Œv, Total liabilities and net assets,110637,
Šé‹Æ–¼,ƒvƒŠƒ}ƒnƒ€Š”®‰ïĞ,Prima Meat Packers, Ltd.
ØŒ”º°ÄŞ,2281
•\–¼Ì,˜AŒ‹‘İØ‘ÎÆ•\



i•S–œ‰~j
2014/03/31Œ»İ
"˜AŒ‹‘İØ‘ÎÆ•\","Consolidated balance sheet",,
" ‘Y‚Ì•”"," Assets",,
"  —¬“®‘Y","  Current assets",,
"   Œ»‹à‹y‚Ñ—a‹à","   Cash and deposits",8672,
"   óæèŒ`‹y‚Ñ”„Š|‹à","   Notes and accounts receivable - trade",29520,
"   ¤•i‹y‚Ñ»•i","   Merchandise and finished goods",9937,
"   dŠ|•i","   Work in process",362,
"   Œ´Ş—¿‹y‚Ñ’™‘ •i","   Raw materials and supplies",1350,
"   ŒJ‰„Å‹à‘Y","   Deferred tax assets",726,
"   ‚»‚Ì‘¼","   Other",1250,
"   ‘İ“|ˆø“–‹à","   Allowance for doubtful accounts",-6,
"   —¬“®‘Y‡Œv","   Total current assets",51814,
"  ŒÅ’è‘Y","  Non-current assets",,
"   —LŒ`ŒÅ’è‘Y","   Property. plant and equipment",,
"    Œš•¨‹y‚Ñ\’z•¨","    Buildings and structures",54173,
"     Œ¸‰¿‹p—İŒvŠz","     Accumulated depreciation",-33370,
"     Œš•¨‹y‚Ñ\’z•¨iƒŠzj","     Buildings and structures. net",20802,
"    ‹@ŠB‘•’u‹y‚Ñ‰^”À‹ï","    Machinery. equipment and vehicles",36779,
"     Œ¸‰¿‹p—İŒvŠz","     Accumulated depreciation",-27598,
"     ‹@ŠB‘•’u‹y‚Ñ‰^”À‹ïiƒŠzj","     Machinery. equipment and vehicles. net",9180,
"    “y’n","    Land",18316,
"    ƒŠ[ƒX‘Y","    Leased assets",1898,
"     Œ¸‰¿‹p—İŒvŠz","     Accumulated depreciation",-902,
"     ƒŠ[ƒX‘YiƒŠzj","     Leased assets. net",996,
"    Œšİ‰¼Š¨’è","    Construction in progress",2275,
"    ‚»‚Ì‘¼","    Other",2836,
"     Œ¸‰¿‹p—İŒvŠz","     Accumulated depreciation",-2313,
"     ‚»‚Ì‘¼iƒŠzj","     Other. net",522,
"    —LŒ`ŒÅ’è‘Y‡Œv","    Total property. plant and equipment",52094,
"   –³Œ`ŒÅ’è‘Y","   Intangible assets",,
"    ƒ\ƒtƒgƒEƒGƒA","    Software",828,
"    ‚»‚Ì‘¼","    Other",16,
"    –³Œ`ŒÅ’è‘Y‡Œv","    Total intangible assets",844,
"   “Š‘‚»‚Ì‘¼‚Ì‘Y","   Investments and other assets",,
"    “Š‘—L‰¿ØŒ”","    Investment securities",5464,
"    ’·Šú‘İ•t‹à","    Long-term loans receivable",2818,
"    ’·Šú‘O•¥”ï—p","    Long-term prepaid expenses",695,
"    ‘ŞE‹‹•t‚ÉŒW‚é‘Y","    Net defined benefit asset",3893,
"    ŒJ‰„Å‹à‘Y","    Deferred tax assets",476,
"    ‚»‚Ì‘¼","    Other",1733,
"    ‘İ“|ˆø“–‹à","    Allowance for doubtful accounts",-573,
"    “Š‘‚»‚Ì‘¼‚Ì‘Y‡Œv","    Total investments and other assets",14507,
"   ŒÅ’è‘Y‡Œv","   Total non-current assets",67447,
"  ‘Y‡Œv","  Total assets",119261,
" •‰Â‚Ì•”"," Liabilities",,
"  —¬“®•‰Â","  Current liabilities",,
"   x•¥èŒ`‹y‚Ñ”ƒŠ|‹à","   Notes and accounts payable - trade",32303,
"   ’ZŠúØ“ü‹à","   Short-term loans payable",961,
"   1”N“à•ÔÏ—\’è‚Ì’·ŠúØ“ü‹à","   Current portion of long-term loans payable",3514,
"   1”N“àŠÒ—\’è‚ÌĞÂ","   Current portion of bonds",20,
"   ƒŠ[ƒXÂ–±","   Lease obligations",334,
"   –¢•¥–@lÅ“™","   Income taxes payable",2524,
"   Ü—^ˆø“–‹à","   Provision for bonuses",1195,
"   –ğˆõÜ—^ˆø“–‹à","   Provision for directors' bonuses",45,
"   –¢•¥”ï—p","   Accrued expenses",5763,
"   ‚»‚Ì‘¼","   Other",3613,
"   —¬“®•‰Â‡Œv","   Total current liabilities",50275,
"  ŒÅ’è•‰Â","  Non-current liabilities",,
"   ĞÂ","   Bonds payable",,
"   ’·ŠúØ“ü‹à","   Long-term loans payable",11523,
"   ƒŠ[ƒXÂ–±","   Lease obligations",764,
"   ŒJ‰„Å‹à•‰Â","   Deferred tax liabilities",1946,
"   Ä•]‰¿‚ÉŒW‚éŒJ‰„Å‹à•‰Â","   Deferred tax liabilities for land revaluation",2624,
"   ‘ŞE‹‹•tˆø“–‹à","   Provision for retirement benefits",,
"   ‘ŞE‹‹•t‚ÉŒW‚é•‰Â","   Net defined benefit liability",4378,
"   ‘Yœ‹Â–±","   Asset retirement obligations",112,
"   ‚»‚Ì‘¼","   Other",328,
"   ŒÅ’è•‰Â‡Œv","   Total non-current liabilities",21678,
"  •‰Â‡Œv","  Total liabilities",71953,
" ƒ‘Y‚Ì•”"," Net assets",,
"  Š”å‘–{","  Shareholders' equity",,
"   ‘–{‹à","   Capital stock",3363,
"   ‘–{è—]‹à","   Capital surplus",3964,
"   —˜‰vè—]‹à","   Retained earnings",28923,
"   ©ŒÈŠ”®","   Treasury shares",-73,
"   Š”å‘–{‡Œv","   Total shareholders' equity",36178,
"  ‚»‚Ì‘¼‚Ì•ïŠ‡—˜‰v—İŒvŠz","  Accumulated other comprehensive income",,
"   ‚»‚Ì‘¼—L‰¿ØŒ”•]‰¿·Šz‹à","   Valuation difference on available-for-sale securities",1170,
"   ŒJ‰„ƒwƒbƒW‘¹‰v","   Deferred gains or losses on hedges",-10,
"   “y’nÄ•]‰¿·Šz‹à","   Revaluation reserve for land",2287,
"   ˆ×‘ÖŠ·Z’²®Š¨’è","   Foreign currency translation adjustment",42,
"   ‘ŞE‹‹•t‚ÉŒW‚é’²®—İŒvŠz","   Remeasurements of defined benefit plans",418,
"   ‚»‚Ì‘¼‚Ì•ïŠ‡—˜‰v—İŒvŠz‡Œv","   Total accumulated other comprehensive income",3908,
"  ­”Š”å•ª","  Minority interests",7220,
"  ƒ‘Y‡Œv","  Total net assets",47307,
" •‰Âƒ‘Y‡Œv"," Total liabilities and net assets",119261,Šé‹Æ–¼,ƒvƒŠƒ}ƒnƒ€Š”®‰ïĞ,Prima Meat Packers, Ltd.
ØŒ”º°ÄŞ,2281
•\–¼Ì,˜AŒ‹‘İØ‘ÎÆ•\



i•S–œ‰~j
2015/03/31Œ»İ
"˜AŒ‹‘İØ‘ÎÆ•\","Consolidated balance sheet",,
" ‘Y‚Ì•”"," Assets",,
"  —¬“®‘Y","  Current assets",,
"   Œ»‹à‹y‚Ñ—a‹à","   Cash and deposits",5493,
"   óæèŒ`‹y‚Ñ”„Š|‹à","   Notes and accounts receivable - trade",35082,
"   ¤•i‹y‚Ñ»•i","   Merchandise and finished goods",15602,
"   dŠ|•i","   Work in process",472,
"   Œ´Ş—¿‹y‚Ñ’™‘ •i","   Raw materials and supplies",1761,
"   ŒJ‰„Å‹à‘Y","   Deferred tax assets",987,
"   ‚»‚Ì‘¼","   Other",1698,
"   ‘İ“|ˆø“–‹à","   Allowance for doubtful accounts",-8,
"   —¬“®‘Y‡Œv","   Total current assets",61088,
"  ŒÅ’è‘Y","  Non-current assets",,
"   —LŒ`ŒÅ’è‘Y","   Property. plant and equipment",,
"    Œš•¨‹y‚Ñ\’z•¨","    Buildings and structures",61301,
"     Œ¸‰¿‹p—İŒvŠz","     Accumulated depreciation",-34801,
"     Œš•¨‹y‚Ñ\’z•¨iƒŠzj","     Buildings and structures. net",26499,
"    ‹@ŠB‘•’u‹y‚Ñ‰^”À‹ï","    Machinery. equipment and vehicles",39716,
"     Œ¸‰¿‹p—İŒvŠz","     Accumulated depreciation",-28479,
"     ‹@ŠB‘•’u‹y‚Ñ‰^”À‹ïiƒŠzj","     Machinery. equipment and vehicles. net",11236,
"    “y’n","    Land",18088,
"    ƒŠ[ƒX‘Y","    Leased assets",3937,
"     Œ¸‰¿‹p—İŒvŠz","     Accumulated depreciation",-1167,
"     ƒŠ[ƒX‘YiƒŠzj","     Leased assets. net",2769,
"    Œšİ‰¼Š¨’è","    Construction in progress",441,
"    ‚»‚Ì‘¼","    Other",3101,
"     Œ¸‰¿‹p—İŒvŠz","     Accumulated depreciation",-2395,
"     ‚»‚Ì‘¼iƒŠzj","     Other. net",705,
"    —LŒ`ŒÅ’è‘Y‡Œv","    Total property. plant and equipment",59741,
"   –³Œ`ŒÅ’è‘Y","   Intangible assets",,
"    ƒ\ƒtƒgƒEƒGƒA","    Software",727,
"    ‚»‚Ì‘¼","    Other",239,
"    –³Œ`ŒÅ’è‘Y‡Œv","    Total intangible assets",966,
"   “Š‘‚»‚Ì‘¼‚Ì‘Y","   Investments and other assets",,
"    “Š‘—L‰¿ØŒ”","    Investment securities",5861,
"    ’·Šú‘İ•t‹à","    Long-term loans receivable",2614,
"    ’·Šú‘O•¥”ï—p","    Long-term prepaid expenses",595,
"    ‘ŞE‹‹•t‚ÉŒW‚é‘Y","    Net defined benefit asset",9108,
"    ŒJ‰„Å‹à‘Y","    Deferred tax assets",383,
"    ‚»‚Ì‘¼","    Other",1687,
"    ‘İ“|ˆø“–‹à","    Allowance for doubtful accounts",-386,
"    “Š‘‚»‚Ì‘¼‚Ì‘Y‡Œv","    Total investments and other assets",19864,
"   ŒÅ’è‘Y‡Œv","   Total non-current assets",80572,
"  ‘Y‡Œv","  Total assets",141661,
" •‰Â‚Ì•”"," Liabilities",,
"  —¬“®•‰Â","  Current liabilities",,
"   x•¥èŒ`‹y‚Ñ”ƒŠ|‹à","   Notes and accounts payable - trade",41051,
"   ’ZŠúØ“ü‹à","   Short-term loans payable",1422,
"   1”N“à•ÔÏ—\’è‚Ì’·ŠúØ“ü‹à","   Current portion of long-term loans payable",3279,
"   1”N“àŠÒ—\’è‚ÌĞÂ","   Current portion of bonds",,
"   ƒŠ[ƒXÂ–±","   Lease obligations",693,
"   –¢•¥–@lÅ“™","   Income taxes payable",2442,
"   Ü—^ˆø“–‹à","   Provision for bonuses",1265,
"   –ğˆõÜ—^ˆø“–‹à","   Provision for directors' bonuses",,
"   –¢•¥”ï—p","   Accrued expenses",6453,
"   ‚»‚Ì‘¼","   Other",3741,
"   —¬“®•‰Â‡Œv","   Total current liabilities",60350,
"  ŒÅ’è•‰Â","  Non-current liabilities",,
"   ’·ŠúØ“ü‹à","   Long-term loans payable",12296,
"   ƒŠ[ƒXÂ–±","   Lease obligations",2318,
"   ŒJ‰„Å‹à•‰Â","   Deferred tax liabilities",2339,
"   Ä•]‰¿‚ÉŒW‚éŒJ‰„Å‹à•‰Â","   Deferred tax liabilities for land revaluation",2252,
"   ‘ŞE‹‹•t‚ÉŒW‚é•‰Â","   Net defined benefit liability",4013,
"   ‘Yœ‹Â–±","   Asset retirement obligations",263,
"   ‚»‚Ì‘¼","   Other",1299,
"   ŒÅ’è•‰Â‡Œv","   Total non-current liabilities",24783,
"  •‰Â‡Œv","  Total liabilities",85134,
" ƒ‘Y‚Ì•”"," Net assets",,
"  Š”å‘–{","  Shareholders' equity",,
"   ‘–{‹à","   Capital stock",3363,
"   ‘–{è—]‹à","   Capital surplus",3964,
"   —˜‰vè—]‹à","   Retained earnings",35492,
"   ©ŒÈŠ”®","   Treasury shares",-134,
"   Š”å‘–{‡Œv","   Total shareholders' equity",42686,
"  ‚»‚Ì‘¼‚Ì•ïŠ‡—˜‰v—İŒvŠz","  Accumulated other comprehensive income",,
"   ‚»‚Ì‘¼—L‰¿ØŒ”•]‰¿·Šz‹à","   Valuation difference on available-for-sale securities",1819,
"   ŒJ‰„ƒwƒbƒW‘¹‰v","   Deferred gains or losses on hedges",-3,
"   “y’nÄ•]‰¿·Šz‹à","   Revaluation reserve for land",2393,
"   ˆ×‘ÖŠ·Z’²®Š¨’è","   Foreign currency translation adjustment",443,
"   ‘ŞE‹‹•t‚ÉŒW‚é’²®—İŒvŠz","   Remeasurements of defined benefit plans",2607,
"   ‚»‚Ì‘¼‚Ì•ïŠ‡—˜‰v—İŒvŠz‡Œv","   Total accumulated other comprehensive income",7261,
"  ­”Š”å•ª","  Minority interests",6578,
"  ƒ‘Y‡Œv","  Total net assets",56526,
" •‰Âƒ‘Y‡Œv"," Total liabilities and net assets",141661,Šé‹Æ–¼,ƒvƒŠƒ}ƒnƒ€Š”®‰ïĞ,Prima Meat Packers, Ltd.
ØŒ”º°ÄŞ,2281
•\–¼Ì,˜AŒ‹‘İØ‘ÎÆ•\



i•S–œ‰~j
2016/03/31Œ»İ
"˜AŒ‹‘İØ‘ÎÆ•\","Consolidated balance sheet",,
" ‘Y‚Ì•”"," Assets",,
"  —¬“®‘Y","  Current assets",,
"   Œ»‹à‹y‚Ñ—a‹à","   Cash and deposits",6952,
"   óæèŒ`‹y‚Ñ”„Š|‹à","   Notes and accounts receivable - trade",35685,
"   ¤•i‹y‚Ñ»•i","   Merchandise and finished goods",20033,
"   dŠ|•i","   Work in process",712,
"   Œ´Ş—¿‹y‚Ñ’™‘ •i","   Raw materials and supplies",1651,
"   ŒJ‰„Å‹à‘Y","   Deferred tax assets",1223,
"   ‚»‚Ì‘¼","   Other",2987,
"   ‘İ“|ˆø“–‹à","   Allowance for doubtful accounts",-5,
"   —¬“®‘Y‡Œv","   Total current assets",69241,
"  ŒÅ’è‘Y","  Non-current assets",,
"   —LŒ`ŒÅ’è‘Y","   Property. plant and equipment",,
"    Œš•¨‹y‚Ñ\’z•¨","    Buildings and structures",61407,
"     Œ¸‰¿‹p—İŒvŠz","     Accumulated depreciation",-36486,
"     Œš•¨‹y‚Ñ\’z•¨iƒŠzj","     Buildings and structures. net",24921,
"    ‹@ŠB‘•’u‹y‚Ñ‰^”À‹ï","    Machinery. equipment and vehicles",40691,
"     Œ¸‰¿‹p—İŒvŠz","     Accumulated depreciation",-29958,
"     ‹@ŠB‘•’u‹y‚Ñ‰^”À‹ïiƒŠzj","     Machinery. equipment and vehicles. net",10732,
"    “y’n","    Land",19246,
"    ƒŠ[ƒX‘Y","    Leased assets",4604,
"     Œ¸‰¿‹p—İŒvŠz","     Accumulated depreciation",-1868,
"     ƒŠ[ƒX‘YiƒŠzj","     Leased assets. net",2735,
"    Œšİ‰¼Š¨’è","    Construction in progress",7928,
"    ‚»‚Ì‘¼","    Other",3230,
"     Œ¸‰¿‹p—İŒvŠz","     Accumulated depreciation",-2563,
"     ‚»‚Ì‘¼iƒŠzj","     Other. net",666,
"    —LŒ`ŒÅ’è‘Y‡Œv","    Total property. plant and equipment",66231,
"   –³Œ`ŒÅ’è‘Y","   Intangible assets",,
"    ƒ\ƒtƒgƒEƒGƒA","    Software",1089,
"    ‚»‚Ì‘¼","    Other",192,
"    –³Œ`ŒÅ’è‘Y‡Œv","    Total intangible assets",1282,
"   “Š‘‚»‚Ì‘¼‚Ì‘Y","   Investments and other assets",,
"    “Š‘—L‰¿ØŒ”","    Investment securities",5885,
"    ’·Šú‘İ•t‹à","    Long-term loans receivable",20,
"    ’·Šú‘O•¥”ï—p","    Long-term prepaid expenses",573,
"    ‘ŞE‹‹•t‚ÉŒW‚é‘Y","    Net defined benefit asset",8413,
"    ŒJ‰„Å‹à‘Y","    Deferred tax assets",408,
"    ‚»‚Ì‘¼","    Other",1458,
"    ‘İ“|ˆø“–‹à","    Allowance for doubtful accounts",-4,
"    “Š‘‚»‚Ì‘¼‚Ì‘Y‡Œv","    Total investments and other assets",16756,
"   ŒÅ’è‘Y‡Œv","   Total non-current assets",84270,
"  ‘Y‡Œv","  Total assets",153511,
" •‰Â‚Ì•”"," Liabilities",,
"  —¬“®•‰Â","  Current liabilities",,
"   x•¥èŒ`‹y‚Ñ”ƒŠ|‹à","   Notes and accounts payable - trade",37545,
"   ’ZŠúØ“ü‹à","   Short-term loans payable",3780,
"   1”N“à•ÔÏ—\’è‚Ì’·ŠúØ“ü‹à","   Current portion of long-term loans payable",2196,
"   ƒŠ[ƒXÂ–±","   Lease obligations",800,
"   –¢•¥–@lÅ“™","   Income taxes payable",1665,
"   ŒJ‰„Å‹à•‰Â","   Deferred tax liabilities",3,
"   Ü—^ˆø“–‹à","   Provision for bonuses",1333,
"   –¢•¥”ï—p","   Accrued expenses",6617,
"   ‚»‚Ì‘¼","   Other",4725,
"   —¬“®•‰Â‡Œv","   Total current liabilities",58669,
"  ŒÅ’è•‰Â","  Non-current liabilities",,
"   ’·ŠúØ“ü‹à","   Long-term loans payable",13041,
"   ƒŠ[ƒXÂ–±","   Lease obligations",2207,
"   ŒJ‰„Å‹à•‰Â","   Deferred tax liabilities",2249,
"   Ä•]‰¿‚ÉŒW‚éŒJ‰„Å‹à•‰Â","   Deferred tax liabilities for land revaluation",2112,
"   ‘ŞE‹‹•t‚ÉŒW‚é•‰Â","   Net defined benefit liability",4182,
"   ‘Yœ‹Â–±","   Asset retirement obligations",267,
"   ‚»‚Ì‘¼","   Other",751,
"   ŒÅ’è•‰Â‡Œv","   Total non-current liabilities",24812,
"  •‰Â‡Œv","  Total liabilities",83481,
" ƒ‘Y‚Ì•”"," Net assets",,
"  Š”å‘–{","  Shareholders' equity",,
"   ‘–{‹à","   Capital stock",7908,
"   ‘–{è—]‹à","   Capital surplus",8509,
"   —˜‰vè—]‹à","   Retained earnings",40997,
"   ©ŒÈŠ”®","   Treasury shares",-139,
"   Š”å‘–{‡Œv","   Total shareholders' equity",57276,
"  ‚»‚Ì‘¼‚Ì•ïŠ‡—˜‰v—İŒvŠz","  Accumulated other comprehensive income",,
"   ‚»‚Ì‘¼—L‰¿ØŒ”•]‰¿·Šz‹à","   Valuation difference on available-for-sale securities",1632,
"   ŒJ‰„ƒwƒbƒW‘¹‰v","   Deferred gains or losses on hedges",-18,
"   “y’nÄ•]‰¿·Šz‹à","   Revaluation reserve for land",2485,
"   ˆ×‘ÖŠ·Z’²®Š¨’è","   Foreign currency translation adjustment",132,
"   ‘ŞE‹‹•t‚ÉŒW‚é’²®—İŒvŠz","   Remeasurements of defined benefit plans",1649,
"   ‚»‚Ì‘¼‚Ì•ïŠ‡—˜‰v—İŒvŠz‡Œv","   Total accumulated other comprehensive income",5881,
"  ”ñx”zŠ”å•ª","  Non-controlling interests",6871,
"  ƒ‘Y‡Œv","  Total net assets",70030,
" •‰Âƒ‘Y‡Œv"," Total liabilities and net assets",153511,Šé‹Æ–¼,ƒvƒŠƒ}ƒnƒ€Š”®‰ïĞ,Prima Meat Packers, Ltd.
ØŒ”º°ÄŞ,2281
•\–¼Ì,˜AŒ‹‘İØ‘ÎÆ•\



i•S–œ‰~j
2017/03/31Œ»İ
"˜AŒ‹‘İØ‘ÎÆ•\","Consolidated balance sheet",,
" ‘Y‚Ì•”"," Assets",,
"  —¬“®‘Y","  Current assets",,
"   Œ»‹à‹y‚Ñ—a‹à","   Cash and deposits",20015,
"   óæèŒ`‹y‚Ñ”„Š|‹à","   Notes and accounts receivable - trade",37044,
"   ¤•i‹y‚Ñ»•i","   Merchandise and finished goods",13543,
"   dŠ|•i","   Work in process",663,
"   Œ´Ş—¿‹y‚Ñ’™‘ •i","   Raw materials and supplies",1698,
"   ŒJ‰„Å‹à‘Y","   Deferred tax assets",933,
"   ‚»‚Ì‘¼","   Other",4220,
"   ‘İ“|ˆø“–‹à","   Allowance for doubtful accounts",-5,
"   —¬“®‘Y‡Œv","   Total current assets",78113,
"  ŒÅ’è‘Y","  Non-current assets",,
"   —LŒ`ŒÅ’è‘Y","   Property. plant and equipment",,
"    Œš•¨‹y‚Ñ\’z•¨","    Buildings and structures",73552,
"     Œ¸‰¿‹p—İŒvŠz","     Accumulated depreciation",-37797,
"     Œš•¨‹y‚Ñ\’z•¨iƒŠzj","     Buildings and structures. net",35754,
"    ‹@ŠB‘•’u‹y‚Ñ‰^”À‹ï","    Machinery. equipment and vehicles",45272,
"     Œ¸‰¿‹p—İŒvŠz","     Accumulated depreciation",-31384,
"     ‹@ŠB‘•’u‹y‚Ñ‰^”À‹ïiƒŠzj","     Machinery. equipment and vehicles. net",13887,
"    “y’n","    Land",18539,
"    ƒŠ[ƒX‘Y","    Leased assets",5803,
"     Œ¸‰¿‹p—İŒvŠz","     Accumulated depreciation",-2626,
"     ƒŠ[ƒX‘YiƒŠzj","     Leased assets. net",3177,
"    Œšİ‰¼Š¨’è","    Construction in progress",1316,
"    ‚»‚Ì‘¼","    Other",3895,
"     Œ¸‰¿‹p—İŒvŠz","     Accumulated depreciation",-2719,
"     ‚»‚Ì‘¼iƒŠzj","     Other. net",1176,
"    —LŒ`ŒÅ’è‘Y‡Œv","    Total property. plant and equipment",73852,
"   –³Œ`ŒÅ’è‘Y","   Intangible assets",,
"    ƒ\ƒtƒgƒEƒGƒA","    Software",1196,
"    ‚»‚Ì‘¼","    Other",175,
"    –³Œ`ŒÅ’è‘Y‡Œv","    Total intangible assets",1371,
"   “Š‘‚»‚Ì‘¼‚Ì‘Y","   Investments and other assets",,
"    “Š‘—L‰¿ØŒ”","    Investment securities",6584,
"    ’·Šú‘İ•t‹à","    Long-term loans receivable",13,
"    ’·Šú‘O•¥”ï—p","    Long-term prepaid expenses",691,
"    ‘ŞE‹‹•t‚ÉŒW‚é‘Y","    Net defined benefit asset",8381,
"    ŒJ‰„Å‹à‘Y","    Deferred tax assets",475,
"    ‚»‚Ì‘¼","    Other",1441,
"    ‘İ“|ˆø“–‹à","    Allowance for doubtful accounts",-5,
"    “Š‘‚»‚Ì‘¼‚Ì‘Y‡Œv","    Total investments and other assets",17583,
"   ŒÅ’è‘Y‡Œv","   Total non-current assets",92806,
"  ‘Y‡Œv","  Total assets",170919,
" •‰Â‚Ì•”"," Liabilities",,
"  —¬“®•‰Â","  Current liabilities",,
"   x•¥èŒ`‹y‚Ñ”ƒŠ|‹à","   Notes and accounts payable - trade",39631,
"   ’ZŠúØ“ü‹à","   Short-term loans payable",235,
"   1”N“à•ÔÏ—\’è‚Ì’·ŠúØ“ü‹à","   Current portion of long-term loans payable",2466,
"   ƒŠ[ƒXÂ–±","   Lease obligations",966,
"   –¢•¥–@lÅ“™","   Income taxes payable",2707,
"   ŒJ‰„Å‹à•‰Â","   Deferred tax liabilities",,
"   Ü—^ˆø“–‹à","   Provision for bonuses",1134,
"   –ğˆõÜ—^ˆø“–‹à","   Provision for directors' bonuses",19,
"   –¢•¥”ï—p","   Accrued expenses",7413,
"   ‚»‚Ì‘¼","   Other",5837,
"   —¬“®•‰Â‡Œv","   Total current liabilities",60413,
"  ŒÅ’è•‰Â","  Non-current liabilities",,
"   ’·ŠúØ“ü‹à","   Long-term loans payable",19484,
"   ƒŠ[ƒXÂ–±","   Lease obligations",2582,
"   ŒJ‰„Å‹à•‰Â","   Deferred tax liabilities",2430,
"   Ä•]‰¿‚ÉŒW‚éŒJ‰„Å‹à•‰Â","   Deferred tax liabilities for land revaluation",2104,
"   ‘ŞE‹‹•t‚ÉŒW‚é•‰Â","   Net defined benefit liability",4186,
"   ‘Yœ‹Â–±","   Asset retirement obligations",276,
"   ‚»‚Ì‘¼","   Other",241,
"   ŒÅ’è•‰Â‡Œv","   Total non-current liabilities",31307,
"  •‰Â‡Œv","  Total liabilities",91721,
" ƒ‘Y‚Ì•”"," Net assets",,
"  Š”å‘–{","  Shareholders' equity",,
"   ‘–{‹à","   Capital stock",7908,
"   ‘–{è—]‹à","   Capital surplus",8567,
"   —˜‰vè—]‹à","   Retained earnings",50005,
"   ©ŒÈŠ”®","   Treasury shares",-145,
"   Š”å‘–{‡Œv","   Total shareholders' equity",66335,
"  ‚»‚Ì‘¼‚Ì•ïŠ‡—˜‰v—İŒvŠz","  Accumulated other comprehensive income",,
"   ‚»‚Ì‘¼—L‰¿ØŒ”•]‰¿·Šz‹à","   Valuation difference on available-for-sale securities",2008,
"   ŒJ‰„ƒwƒbƒW‘¹‰v","   Deferred gains or losses on hedges",-11,
"   “y’nÄ•]‰¿·Šz‹à","   Revaluation reserve for land",2467,
"   ˆ×‘ÖŠ·Z’²®Š¨’è","   Foreign currency translation adjustment",65,
"   ‘ŞE‹‹•t‚ÉŒW‚é’²®—İŒvŠz","   Remeasurements of defined benefit plans",1152,
"   ‚»‚Ì‘¼‚Ì•ïŠ‡—˜‰v—İŒvŠz‡Œv","   Total accumulated other comprehensive income",5683,
"  ”ñx”zŠ”å•ª","  Non-controlling interests",7179,
"  ƒ‘Y‡Œv","  Total net assets",79198,
" •‰Âƒ‘Y‡Œv"," Total liabilities and net assets",170919,Šé‹Æ–¼,ƒvƒŠƒ}ƒnƒ€Š”®‰ïĞ,Prima Meat Packers, Ltd.
ØŒ”º°ÄŞ,2281
•\–¼Ì,˜AŒ‹‘İØ‘ÎÆ•\



i•S–œ‰~j
2018/03/31Œ»İ
"˜AŒ‹‘İØ‘ÎÆ•\","Consolidated balance sheet",,
" ‘Y‚Ì•”"," Assets",,
"  —¬“®‘Y","  Current assets",,
"   Œ»‹à‹y‚Ñ—a‹à","   Cash and deposits",13383,
"   óæèŒ`‹y‚Ñ”„Š|‹à","   Notes and accounts receivable - trade",43848,
"   ¤•i‹y‚Ñ»•i","   Merchandise and finished goods",15396,
"   dŠ|•i","   Work in process",2840,
"   Œ´Ş—¿‹y‚Ñ’™‘ •i","   Raw materials and supplies",2020,
"   ŒJ‰„Å‹à‘Y","   Deferred tax assets",883,
"   ‚»‚Ì‘¼","   Other",1841,
"   ‘İ“|ˆø“–‹à","   Allowance for doubtful accounts",-1,
"   —¬“®‘Y‡Œv","   Total current assets",80212,
"  ŒÅ’è‘Y","  Non-current assets",,
"   —LŒ`ŒÅ’è‘Y","   Property. plant and equipment",,
"    Œš•¨‹y‚Ñ\’z•¨","    Buildings and structures",78496,
"     Œ¸‰¿‹p—İŒvŠz","     Accumulated depreciation",-41625,
"     Œš•¨‹y‚Ñ\’z•¨iƒŠzj","     Buildings and structures. net",36870,
"    ‹@ŠB‘•’u‹y‚Ñ‰^”À‹ï","    Machinery. equipment and vehicles",49519,
"     Œ¸‰¿‹p—İŒvŠz","     Accumulated depreciation",-34534,
"     ‹@ŠB‘•’u‹y‚Ñ‰^”À‹ïiƒŠzj","     Machinery. equipment and vehicles. net",14985,
"    ƒŠ[ƒX‘Y","    Leased assets",6106,
"     Œ¸‰¿‹p—İŒvŠz","     Accumulated depreciation",-3317,
"     ƒŠ[ƒX‘YiƒŠzj","     Leased assets. net",2789,
"    “y’n","    Land",26683,
"    Œšİ‰¼Š¨’è","    Construction in progress",7396,
"    ‚»‚Ì‘¼","    Other",4074,
"     Œ¸‰¿‹p—İŒvŠz","     Accumulated depreciation",-3074,
"     ‚»‚Ì‘¼iƒŠzj","     Other. net",999,
"    —LŒ`ŒÅ’è‘Y‡Œv","    Total property. plant and equipment",89724,
"   –³Œ`ŒÅ’è‘Y","   Intangible assets",,
"    ƒ\ƒtƒgƒEƒGƒA","    Software",996,
"    ‚»‚Ì‘¼","    Other",159,
"    –³Œ`ŒÅ’è‘Y‡Œv","    Total intangible assets",1155,
"   “Š‘‚»‚Ì‘¼‚Ì‘Y","   Investments and other assets",,
"    “Š‘—L‰¿ØŒ”","    Investment securities",6630,
"    ’·Šú‘İ•t‹à","    Long-term loans receivable",31,
"    ’·Šú‘O•¥”ï—p","    Long-term prepaid expenses",514,
"    ‘ŞE‹‹•t‚ÉŒW‚é‘Y","    Net defined benefit asset",9589,
"    ŒJ‰„Å‹à‘Y","    Deferred tax assets",866,
"    ‚»‚Ì‘¼","    Other",1462,
"    ‘İ“|ˆø“–‹à","    Allowance for doubtful accounts",-14,
"    “Š‘‚»‚Ì‘¼‚Ì‘Y‡Œv","    Total investments and other assets",19079,
"   ŒÅ’è‘Y‡Œv","   Total non-current assets",109959,
"  ‘Y‡Œv","  Total assets",190171,
" •‰Â‚Ì•”"," Liabilities",,
"  —¬“®•‰Â","  Current liabilities",,
"   x•¥èŒ`‹y‚Ñ”ƒŠ|‹à","   Notes and accounts payable - trade",39705,
"   ’ZŠúØ“ü‹à","   Short-term loans payable",307,
"   1”N“à•ÔÏ—\’è‚Ì’·ŠúØ“ü‹à","   Current portion of long-term loans payable",5168,
"   ƒŠ[ƒXÂ–±","   Lease obligations",957,
"   –¢•¥–@lÅ“™","   Income taxes payable",3193,
"   Ü—^ˆø“–‹à","   Provision for bonuses",1253,
"   –ğˆõÜ—^ˆø“–‹à","   Provision for directors' bonuses",21,
"   –¢•¥”ï—p","   Accrued expenses",9176,
"   ‚»‚Ì‘¼","   Other",4845,
"   —¬“®•‰Â‡Œv","   Total current liabilities",64630,
"  ŒÅ’è•‰Â","  Non-current liabilities",,
"   ’·ŠúØ“ü‹à","   Long-term loans payable",23916,
"   ƒŠ[ƒXÂ–±","   Lease obligations",2157,
"   ŒJ‰„Å‹à•‰Â","   Deferred tax liabilities",3003,
"   Ä•]‰¿‚ÉŒW‚éŒJ‰„Å‹à•‰Â","   Deferred tax liabilities for land revaluation",2101,
"   ‘ŞE‹‹•t‚ÉŒW‚é•‰Â","   Net defined benefit liability",4502,
"   ‘Yœ‹Â–±","   Asset retirement obligations",359,
"   ‚»‚Ì‘¼","   Other",226,
"   ŒÅ’è•‰Â‡Œv","   Total non-current liabilities",36266,
"  •‰Â‡Œv","  Total liabilities",100897,
" ƒ‘Y‚Ì•”"," Net assets",,
"  Š”å‘–{","  Shareholders' equity",,
"   ‘–{‹à","   Capital stock",7908,
"   ‘–{è—]‹à","   Capital surplus",8568,
"   —˜‰vè—]‹à","   Retained earnings",58394,
"   ©ŒÈŠ”®","   Treasury shares",-157,
"   Š”å‘–{‡Œv","   Total shareholders' equity",74714,
"  ‚»‚Ì‘¼‚Ì•ïŠ‡—˜‰v—İŒvŠz","  Accumulated other comprehensive income",,
"   ‚»‚Ì‘¼—L‰¿ØŒ”•]‰¿·Šz‹à","   Valuation difference on available-for-sale securities",2332,
"   ŒJ‰„ƒwƒbƒW‘¹‰v","   Deferred gains or losses on hedges",-18,
"   “y’nÄ•]‰¿·Šz‹à","   Revaluation reserve for land",2461,
"   ˆ×‘ÖŠ·Z’²®Š¨’è","   Foreign currency translation adjustment",64,
"   ‘ŞE‹‹•t‚ÉŒW‚é’²®—İŒvŠz","   Remeasurements of defined benefit plans",1626,
"   ‚»‚Ì‘¼‚Ì•ïŠ‡—˜‰v—İŒvŠz‡Œv","   Total accumulated other comprehensive income",6466,
"  ”ñx”zŠ”å•ª","  Non-controlling interests",8094,
"  ƒ‘Y‡Œv","  Total net assets",89274,
" •‰Âƒ‘Y‡Œv"," Total liabilities and net assets",190171,Šé‹Æ–¼,ƒvƒŠƒ}ƒnƒ€Š”®‰ïĞ,Prima Meat Packers, Ltd.
ØŒ”º°ÄŞ,2281
•\–¼Ì,˜AŒ‹‘İØ‘ÎÆ•\



i•S–œ‰~j
2019/03/31Œ»İ
"˜AŒ‹‘İØ‘ÎÆ•\","Consolidated balance sheet",,
" ‘Y‚Ì•”"," Assets",,
"  —¬“®‘Y","  Current assets",,
"   Œ»‹à‹y‚Ñ—a‹à","   Cash and deposits",15203,
"   óæèŒ`‹y‚Ñ”„Š|‹à","   Notes and accounts receivable - trade",45751,
"   ¤•i‹y‚Ñ»•i","   Merchandise and finished goods",15002,
"   dŠ|•i","   Work in process",3056,
"   Œ´Ş—¿‹y‚Ñ’™‘ •i","   Raw materials and supplies",2258,
"   ‚»‚Ì‘¼","   Other",1588,
"   ‘İ“|ˆø“–‹à","   Allowance for doubtful accounts",-3,
"   —¬“®‘Y‡Œv","   Total current assets",82857,
"  ŒÅ’è‘Y","  Non-current assets",,
"   —LŒ`ŒÅ’è‘Y","   Property. plant and equipment",,
"    Œš•¨‹y‚Ñ\’z•¨","    Buildings and structures",96082,
"     Œ¸‰¿‹p—İŒvŠz","     Accumulated depreciation",-45437,
"     Œš•¨‹y‚Ñ\’z•¨iƒŠzj","     Buildings and structures. net",50645,
"    ‹@ŠB‘•’u‹y‚Ñ‰^”À‹ï","    Machinery. equipment and vehicles",53328,
"     Œ¸‰¿‹p—İŒvŠz","     Accumulated depreciation",-38134,
"     ‹@ŠB‘•’u‹y‚Ñ‰^”À‹ïiƒŠzj","     Machinery. equipment and vehicles. net",15194,
"    ƒŠ[ƒX‘Y","    Leased assets",6206,
"     Œ¸‰¿‹p—İŒvŠz","     Accumulated depreciation",-4114,
"     ƒŠ[ƒX‘YiƒŠzj","     Leased assets. net",2091,
"    “y’n","    Land",26481,
"    Œšİ‰¼Š¨’è","    Construction in progress",4854,
"    ‚»‚Ì‘¼","    Other",4435,
"     Œ¸‰¿‹p—İŒvŠz","     Accumulated depreciation",-3428,
"     ‚»‚Ì‘¼iƒŠzj","     Other. net",1007,
"    —LŒ`ŒÅ’è‘Y‡Œv","    Total property. plant and equipment",100275,
"   –³Œ`ŒÅ’è‘Y","   Intangible assets",,
"    ƒ\ƒtƒgƒEƒGƒA","    Software",775,
"    ‚»‚Ì‘¼","    Other",513,
"    –³Œ`ŒÅ’è‘Y‡Œv","    Total intangible assets",1288,
"   “Š‘‚»‚Ì‘¼‚Ì‘Y","   Investments and other assets",,
"    “Š‘—L‰¿ØŒ”","    Investment securities",5654,
"    ’·Šú‘İ•t‹à","    Long-term loans receivable",73,
"    ’·Šú‘O•¥”ï—p","    Long-term prepaid expenses",792,
"    ‘ŞE‹‹•t‚ÉŒW‚é‘Y","    Retirement benefit asset",9908,
"    ŒJ‰„Å‹à‘Y","    Deferred tax assets",1543,
"    ‚»‚Ì‘¼","    Other",1492,
"    ‘İ“|ˆø“–‹à","    Allowance for doubtful accounts",-25,
"    “Š‘‚»‚Ì‘¼‚Ì‘Y‡Œv","    Total investments and other assets",19440,
"   ŒÅ’è‘Y‡Œv","   Total non-current assets",121004,
"  ‘Y‡Œv","  Total assets",203862,
" •‰Â‚Ì•”"," Liabilities",,
"  —¬“®•‰Â","  Current liabilities",,
"   x•¥èŒ`‹y‚Ñ”ƒŠ|‹à","   Notes and accounts payable - trade",48037,
"   ’ZŠúØ“ü‹à","   Short-term loans payable",315,
"   1”N“à•ÔÏ—\’è‚Ì’·ŠúØ“ü‹à","   Current portion of long-term loans payable",3778,
"   ƒŠ[ƒXÂ–±","   Lease obligations",934,
"   –¢•¥–@lÅ“™","   Income taxes payable",2109,
"   Ü—^ˆø“–‹à","   Provision for bonuses",1348,
"   –ğˆõÜ—^ˆø“–‹à","   Provision for bonuses for directors (and other officers)",,
"   –¢•¥”ï—p","   Accrued expenses",9316,
"   ‚»‚Ì‘¼","   Other",8865,
"   —¬“®•‰Â‡Œv","   Total current liabilities",74706,
"  ŒÅ’è•‰Â","  Non-current liabilities",,
"   ’·ŠúØ“ü‹à","   Long-term loans payable",23072,
"   –ğˆõŠ”®‹‹•tˆø“–‹à","   Provision for management board incentive plan trust",13,
"   ƒŠ[ƒXÂ–±","   Lease obligations",1414,
"   ŒJ‰„Å‹à•‰Â","   Deferred tax liabilities",2747,
"   Ä•]‰¿‚ÉŒW‚éŒJ‰„Å‹à•‰Â","   Deferred tax liabilities for land revaluation",2101,
"   ‘ŞE‹‹•t‚ÉŒW‚é•‰Â","   Retirement benefit liability",4566,
"   ‘Yœ‹Â–±","   Asset retirement obligations",363,
"   ‚»‚Ì‘¼","   Other",240,
"   ŒÅ’è•‰Â‡Œv","   Total non-current liabilities",34519,
"  •‰Â‡Œv","  Total liabilities",109226,
" ƒ‘Y‚Ì•”"," Net assets",,
"  Š”å‘–{","  Shareholders' equity",,
"   ‘–{‹à","   Capital stock",7908,
"   ‘–{è—]‹à","   Capital surplus",8600,
"   —˜‰vè—]‹à","   Retained earnings",64108,
"   ©ŒÈŠ”®","   Treasury shares",-380,
"   Š”å‘–{‡Œv","   Total shareholders' equity",80237,
"  ‚»‚Ì‘¼‚Ì•ïŠ‡—˜‰v—İŒvŠz","  Accumulated other comprehensive income",,
"   ‚»‚Ì‘¼—L‰¿ØŒ”•]‰¿·Šz‹à","   Valuation difference on available-for-sale securities",1803,
"   ŒJ‰„ƒwƒbƒW‘¹‰v","   Deferred gains or losses on hedges",32,
"   “y’nÄ•]‰¿·Šz‹à","   Revaluation reserve for land",2518,
"   ˆ×‘ÖŠ·Z’²®Š¨’è","   Foreign currency translation adjustment",142,
"   ‘ŞE‹‹•t‚ÉŒW‚é’²®—İŒvŠz","   Remeasurements of defined benefit plans",1382,
"   ‚»‚Ì‘¼‚Ì•ïŠ‡—˜‰v—İŒvŠz‡Œv","   Total accumulated other comprehensive income",5877,
"  ”ñx”zŠ”å•ª","  Non-controlling interests",8521,
"  ƒ‘Y‡Œv","  Total net assets",94635,
" •‰Âƒ‘Y‡Œv"," Total liabilities and net assets",203862,